"Time","cdrama"
"2026-08-29T19:28:00Z",23
"2026-08-29T19:44:00Z",22
"2026-08-29T20:00:00Z",35
"2026-08-29T20:16:00Z",25
"2026-08-29T20:32:00Z",21
"2026-08-29T20:48:00Z",24
"2026-08-29T21:04:00Z",30
"2026-08-29T21:20:00Z",32
"2026-08-29T21:36:00Z",28
"2026-08-29T21:52:00Z",29
"2026-08-29T22:08:00Z",30
"2026-08-29T22:24:00Z",15
"2026-08-29T22:40:00Z",34
"2026-08-29T22:56:00Z",24
"2026-08-29T23:12:00Z",39
"2026-08-29T23:28:00Z",28
"2026-08-29T23:44:00Z",28
"2026-08-30T00:00:00Z",31
"2026-08-30T00:16:00Z",24
"2026-08-30T00:32:00Z",0
"2026-08-30T00:48:00Z",34
"2026-08-30T01:04:00Z",32
"2026-08-30T01:20:00Z",29
"2026-08-30T01:36:00Z",24
"2026-08-30T01:52:00Z",28
"2026-08-30T02:08:00Z",48
"2026-08-30T02:24:00Z",31
"2026-08-30T02:40:00Z",38
"2026-08-30T02:56:00Z",33
"2026-08-30T03:12:00Z",41
"2026-08-30T03:28:00Z",43
"2026-08-30T03:44:00Z",42
"2026-08-30T04:00:00Z",49
"2026-08-30T04:16:00Z",39
"2026-08-30T04:32:00Z",36
"2026-08-30T04:48:00Z",42
"2026-08-30T05:04:00Z",58
"2026-08-30T05:20:00Z",66
"2026-08-30T05:36:00Z",52
"2026-08-30T05:52:00Z",0
"2026-08-30T06:08:00Z",66
"2026-08-30T06:24:00Z",82
"2026-08-30T06:40:00Z",77
"2026-08-30T06:56:00Z",60
"2026-08-30T07:12:00Z",97
"2026-08-30T07:28:00Z",100
"2026-08-30T07:44:00Z",0
"2026-08-30T08:00:00Z",0
"2026-08-30T08:16:00Z",0
"2026-08-30T08:32:00Z",0
"2026-08-30T08:48:00Z",0
"2026-08-30T09:04:00Z",0
"2026-08-30T09:20:00Z",0
"2026-08-30T09:36:00Z",0
"2026-08-30T09:52:00Z",0
"2026-08-30T10:08:00Z",0
"2026-08-30T10:24:00Z",0
"2026-08-30T10:40:00Z",0
"2026-08-30T10:56:00Z",0
"2026-08-30T11:12:00Z",0
"2026-08-30T11:28:00Z",0
"2026-08-30T11:44:00Z",0
"2026-08-30T12:00:00Z",44
"2026-08-30T12:16:00Z",0
"2026-08-30T12:32:00Z",37
"2026-08-30T12:48:00Z",30
"2026-08-30T13:04:00Z",0
"2026-08-30T13:20:00Z",0
"2026-08-30T13:36:00Z",32
"2026-08-30T13:52:00Z",31
"2026-08-30T14:08:00Z",33
"2026-08-30T14:24:00Z",29
"2026-08-30T14:40:00Z",21
"2026-08-30T14:56:00Z",19
"2026-08-30T15:12:00Z",19
"2026-08-30T15:28:00Z",16
"2026-08-30T15:44:00Z",16
"2026-08-30T16:00:00Z",0
"2026-08-30T16:16:00Z",22
"2026-08-30T16:32:00Z",18
"2026-08-30T16:48:00Z",21
"2026-08-30T17:04:00Z",29
"2026-08-30T17:20:00Z",39
"2026-08-30T17:36:00Z",29
"2026-08-30T17:52:00Z",32
"2026-08-30T18:08:00Z",20
"2026-08-30T18:24:00Z",30
"2026-08-30T18:40:00Z",28
"2026-08-30T18:56:00Z",26
"2026-08-30T19:12:00Z",22
"2026-08-30T19:28:00Z",17