"Time","The Untamed","Till The End Of The Moon","Love Between Fairy and Devil","Eternal Love","Ashes of Love","Immortal Samsara","The Starry Love","Ancient Love Poetry"
"2026-08-29T19:44:00Z",32,35,0,0,0,0,0,0
"2026-08-29T20:00:00Z",54,0,34,0,0,0,0,0
"2026-08-29T20:16:00Z",81,0,36,0,0,0,0,0
"2026-08-29T20:32:00Z",43,0,0,0,40,0,0,0
"2026-08-29T20:48:00Z",0,49,38,0,0,0,0,0
"2026-08-29T21:04:00Z",73,0,0,0,0,0,0,0
"2026-08-29T21:20:00Z",45,0,35,0,0,0,0,0
"2026-08-29T21:36:00Z",55,37,0,0,0,0,0,0
"2026-08-29T21:52:00Z",42,0,54,0,0,0,0,0
"2026-08-29T22:08:00Z",64,0,51,0,0,0,0,0
"2026-08-29T22:24:00Z",68,0,68,0,0,0,0,0
"2026-08-29T22:40:00Z",53,0,0,0,0,0,0,0
"2026-08-29T22:56:00Z",0,0,43,0,0,0,0,0
"2026-08-29T23:12:00Z",0,0,0,0,0,0,0,0
"2026-08-29T23:28:00Z",0,0,0,0,53,0,0,0
"2026-08-29T23:44:00Z",54,0,0,0,0,0,0,0
"2026-08-30T00:00:00Z",38,0,0,39,0,0,0,0
"2026-08-30T00:16:00Z",44,38,36,0,0,0,0,0
"2026-08-30T00:32:00Z",46,0,38,0,0,0,0,0
"2026-08-30T00:48:00Z",58,0,38,0,0,0,0,0
"2026-08-30T01:04:00Z",49,51,48,0,0,0,0,0
"2026-08-30T01:20:00Z",67,35,55,0,0,0,0,0
"2026-08-30T01:36:00Z",68,0,0,36,0,0,0,0
"2026-08-30T01:52:00Z",47,0,0,0,0,0,0,0
"2026-08-30T02:08:00Z",38,0,0,40,0,0,0,0
"2026-08-30T02:24:00Z",46,41,0,0,0,0,0,0
"2026-08-30T02:40:00Z",50,0,46,0,0,0,0,0
"2026-08-30T02:56:00Z",54,0,0,0,0,0,0,0
"2026-08-30T03:12:00Z",69,0,0,40,0,0,0,0
"2026-08-30T03:28:00Z",100,0,49,55,0,0,0,0
"2026-08-30T03:44:00Z",79,0,0,0,0,0,0,0
"2026-08-30T04:00:00Z",66,53,0,39,0,0,0,0
"2026-08-30T04:16:00Z",54,42,46,0,0,0,0,0
"2026-08-30T04:32:00Z",60,0,39,0,0,0,0,0
"2026-08-30T04:48:00Z",41,39,0,61,0,0,0,0
"2026-08-30T05:04:00Z",42,0,41,0,0,0,0,0
"2026-08-30T05:20:00Z",89,0,0,39,0,0,0,0
"2026-08-30T05:36:00Z",60,41,37,0,0,0,0,0
"2026-08-30T05:52:00Z",77,0,0,37,0,0,0,0
"2026-08-30T06:08:00Z",76,38,0,0,0,0,0,0
"2026-08-30T06:24:00Z",70,39,0,0,0,0,0,0
"2026-08-30T06:40:00Z",60,43,0,0,0,0,0,0
"2026-08-30T06:56:00Z",55,40,34,0,0,0,0,0
"2026-08-30T07:12:00Z",52,51,0,0,0,0,0,0
"2026-08-30T07:28:00Z",58,0,49,39,0,0,0,0
"2026-08-30T07:44:00Z",78,32,0,0,0,0,0,0
"2026-08-30T08:00:00Z",83,39,34,0,0,0,0,0
"2026-08-30T08:16:00Z",43,0,0,0,0,0,0,0
"2026-08-30T08:32:00Z",41,45,36,0,0,0,0,0
"2026-08-30T08:48:00Z",56,41,35,0,0,0,0,0
"2026-08-30T09:04:00Z",61,50,35,0,0,0,0,0
"2026-08-30T09:20:00Z",40,52,34,39,0,0,0,0
"2026-08-30T09:36:00Z",47,41,0,0,0,0,0,0
"2026-08-30T09:52:00Z",47,38,32,31,0,0,0,0
"2026-08-30T10:08:00Z",69,46,0,34,0,0,0,0
"2026-08-30T10:24:00Z",53,0,48,0,0,0,0,0
"2026-08-30T10:40:00Z",68,50,0,0,30,0,29,0
"2026-08-30T10:56:00Z",33,0,38,0,0,0,0,0
"2026-08-30T11:12:00Z",70,60,0,0,0,0,0,0
"2026-08-30T11:28:00Z",42,29,36,0,0,0,40,0
"2026-08-30T11:44:00Z",68,36,0,0,0,0,30,0
"2026-08-30T12:00:00Z",64,39,27,0,0,0,0,0
"2026-08-30T12:16:00Z",76,26,43,41,0,0,0,0
"2026-08-30T12:32:00Z",45,31,0,0,0,0,0,0
"2026-08-30T12:48:00Z",35,28,27,0,0,25,0,0
"2026-08-30T13:04:00Z",53,0,60,33,0,0,0,0
"2026-08-30T13:20:00Z",56,25,38,0,0,0,0,0
"2026-08-30T13:36:00Z",57,29,39,25,0,0,0,0
"2026-08-30T13:52:00Z",60,27,37,0,0,0,0,0
"2026-08-30T14:08:00Z",60,51,0,0,0,0,0,0
"2026-08-30T14:24:00Z",62,35,27,25,0,0,0,0
"2026-08-30T14:40:00Z",53,35,24,0,0,0,0,0
"2026-08-30T14:56:00Z",49,32,34,0,0,0,0,0
"2026-08-30T15:12:00Z",56,40,36,22,0,0,0,0
"2026-08-30T15:28:00Z",53,22,30,0,0,0,0,0
"2026-08-30T15:44:00Z",61,28,24,0,0,0,0,0
"2026-08-30T16:00:00Z",42,27,23,0,0,0,0,0
"2026-08-30T16:16:00Z",70,32,38,0,0,0,0,0
"2026-08-30T16:32:00Z",62,50,27,24,0,0,0,0
"2026-08-30T16:48:00Z",29,26,28,0,0,0,0,0
"2026-08-30T17:04:00Z",33,28,41,0,0,0,0,0
"2026-08-30T17:20:00Z",61,27,31,0,0,0,0,0
"2026-08-30T17:36:00Z",60,31,0,0,0,0,0,0
"2026-08-30T17:52:00Z",59,0,0,25,0,0,0,0
"2026-08-30T18:08:00Z",54,26,29,0,0,0,0,0
"2026-08-30T18:24:00Z",49,26,38,27,0,0,0,0
"2026-08-30T18:40:00Z",63,25,24,0,0,0,0,0
"2026-08-30T18:56:00Z",63,32,28,0,0,0,0,0
"2026-08-30T19:12:00Z",49,34,31,0,0,0,0,0
"2026-08-30T19:28:00Z",75,0,0,0,0,0,0,0